Job Title,Company Name,Location,Posted Time,Job URL,Company URL
Middle Python Developer,Reviro.io,"Bishkek, Bishkek City, Kyrgyzstan",2026-07-06,https://kg.linkedin.com/jobs/view/middle-python-developer-at-reviro-io-4433911690?position=59&pageNum=0&refId=kF3ZNbfth6IrSPQDSZbpTQ%3D%3D&trackingId=nU1fg4ftR8HPHEmqK42xdw%3D%3D,https://www.linkedin.com/company/reviro-io?trk=public_jobs_jserp-result_job-search-card-subtitle
Python Developer,Smart WebTech,"Jamnagar, Gujarat, India",2026-03-11,https://in.linkedin.com/jobs/view/python-developer-at-smart-webtech-4384391651?position=57&pageNum=0&refId=kF3ZNbfth6IrSPQDSZbpTQ%3D%3D&trackingId=PftsJoLfY9qRuxIj%2BA8aow%3D%3D,https://in.linkedin.com/company/smart-webtech?trk=public_jobs_jserp-result_job-search-card-subtitle
Python Backend Developer,Avinyaa Ed Tech Private Limited,"Surat, Gujarat, India",2026-07-08,https://in.linkedin.com/jobs/view/python-backend-developer-at-avinyaa-ed-tech-private-limited-4434850065?position=60&pageNum=0&refId=kF3ZNbfth6IrSPQDSZbpTQ%3D%3D&trackingId=hZvE4SLto59qD%2BKud9W7Ug%3D%3D,https://in.linkedin.com/company/avinyaa-edtech-private-limited?trk=public_jobs_jserp-result_job-search-card-subtitle
Backend Engineer (Python / TypeScript),Avihs,"Bhubaneswar, Odisha, India",2026-07-20,https://in.linkedin.com/jobs/view/backend-engineer-python-typescript-at-avihs-4437276715?position=55&pageNum=0&refId=kF3ZNbfth6IrSPQDSZbpTQ%3D%3D&trackingId=nyzVMrAnUHwkOf2p11eNZg%3D%3D,https://in.linkedin.com/company/www.avihs.com?trk=public_jobs_jserp-result_job-search-card-subtitle
Python AWS Developer,Viva Tech Solutions,"Toronto, Ontario, Canada",2026-07-22,https://ca.linkedin.com/jobs/view/python-aws-developer-at-viva-tech-solutions-4443739665?position=56&pageNum=0&refId=kF3ZNbfth6IrSPQDSZbpTQ%3D%3D&trackingId=QjEazD%2BxswBL0EfrM2H4rQ%3D%3D,https://ca.linkedin.com/company/viva-tech-solutions?trk=public_jobs_jserp-result_job-search-card-subtitle
Python Software Developer - Backend,Xelix,"London, England, United Kingdom",2026-06-19,https://uk.linkedin.com/jobs/view/python-software-developer-backend-at-xelix-4429997592?position=54&pageNum=0&refId=kF3ZNbfth6IrSPQDSZbpTQ%3D%3D&trackingId=5eWJwIp9%2FwkbBs2SQuWTrw%3D%3D,https://uk.linkedin.com/company/xelix.?trk=public_jobs_jserp-result_job-search-card-subtitle
Software Engineer,Fleetworthy,"Edmonton, Alberta, Canada",2026-07-20,https://ca.linkedin.com/jobs/view/software-engineer-at-fleetworthy-4413356873?position=52&pageNum=0&refId=kF3ZNbfth6IrSPQDSZbpTQ%3D%3D&trackingId=6hXkX5axPSnU3lc8L2bPuA%3D%3D,https://www.linkedin.com/company/fleetworthy?trk=public_jobs_jserp-result_job-search-card-subtitle
Python Backend Developer,Mustard Systems Ltd.,"London, England, United Kingdom",2026-06-30,https://uk.linkedin.com/jobs/view/python-backend-developer-at-mustard-systems-ltd-4411352812?position=50&pageNum=0&refId=kF3ZNbfth6IrSPQDSZbpTQ%3D%3D&trackingId=lM5EY87f7dJT4bHZbc3GNA%3D%3D,https://uk.linkedin.com/company/mustard-systems-ltd-?trk=public_jobs_jserp-result_job-search-card-subtitle
Python Developer,Burns Sheehan,"London Area, United Kingdom",2026-07-09,https://uk.linkedin.com/jobs/view/python-developer-at-burns-sheehan-4438664059?position=53&pageNum=0&refId=kF3ZNbfth6IrSPQDSZbpTQ%3D%3D&trackingId=rsrN6z7JaYFWaz0jeO6ExA%3D%3D,https://uk.linkedin.com/company/burnssheehan?trk=public_jobs_jserp-result_job-search-card-subtitle
Python Full-Stack Developer,XPT Software Australia,"Perth, Western Australia, Australia",2026-07-12,https://au.linkedin.com/jobs/view/python-full-stack-developer-at-xpt-software-australia-4438973277?position=51&pageNum=0&refId=kF3ZNbfth6IrSPQDSZbpTQ%3D%3D&trackingId=PbrtS%2Fn9gMWHRByTZOfMLA%3D%3D,https://au.linkedin.com/company/xpt-software-australia?trk=public_jobs_jserp-result_job-search-card-subtitle
python开发工程师,北京智汇大成科技有限公司,"Daqing, Heilongjiang, China",2026-05-29,https://cn.linkedin.com/jobs/view/python%E5%BC%80%E5%8F%91%E5%B7%A5%E7%A8%8B%E5%B8%88-at-%E5%8C%97%E4%BA%AC%E6%99%BA%E6%B1%87%E5%A4%A7%E6%88%90%E7%A7%91%E6%8A%80%E6%9C%89%E9%99%90%E5%85%AC%E5%8F%B8-4421441646?position=49&pageNum=0&refId=kF3ZNbfth6IrSPQDSZbpTQ%3D%3D&trackingId=GWCeOHaoLzd9nXiKnWXx9w%3D%3D,https://www.linkedin.com/company/%E5%8C%97%E4%BA%AC%E6%99%BA%E6%B1%87%E5%A4%A7%E6%88%90%E7%A7%91%E6%8A%80%E6%9C%89%E9%99%90%E5%85%AC%E5%8F%B8?trk=public_jobs_jserp-result_job-search-card-subtitle
Python Developer,Venture Up,"Greater London, England, United Kingdom",2026-07-20,https://uk.linkedin.com/jobs/view/python-developer-at-venture-up-4442596583?position=47&pageNum=0&refId=kF3ZNbfth6IrSPQDSZbpTQ%3D%3D&trackingId=XNpr9KON4ODxXidJdXSDxg%3D%3D,https://uk.linkedin.com/company/ventureups?trk=public_jobs_jserp-result_job-search-card-subtitle
Python Developer,Python Developer,"Singapore, Singapore",2026-07-09,https://sg.linkedin.com/jobs/view/python-developer-at-python-developer-4437333710?position=46&pageNum=0&refId=kF3ZNbfth6IrSPQDSZbpTQ%3D%3D&trackingId=SxyT04hq6GlgNwK9%2FM1m%2FA%3D%3D,https://www.linkedin.com/company/pythondeveloper?trk=public_jobs_jserp-result_job-search-card-subtitle
Python Developer,Tempest Vane Partners,"London Area, United Kingdom",2026-06-26,https://uk.linkedin.com/jobs/view/python-developer-at-tempest-vane-partners-4433841093?position=45&pageNum=0&refId=kF3ZNbfth6IrSPQDSZbpTQ%3D%3D&trackingId=o4zpzg9SFbPhidIMtWUBYg%3D%3D,https://uk.linkedin.com/company/tempest-vane-partners?trk=public_jobs_jserp-result_job-search-card-subtitle
Python Developer,UST,"Toronto, Ontario, Canada",2026-07-03,https://ca.linkedin.com/jobs/view/python-developer-at-ust-4433725056?position=44&pageNum=0&refId=kF3ZNbfth6IrSPQDSZbpTQ%3D%3D&trackingId=QaHnLWPOjx%2BRa%2FUXIeMI0Q%3D%3D,https://www.linkedin.com/company/ustglobal?trk=public_jobs_jserp-result_job-search-card-subtitle
Python Developer,BUSINESS PROCESS MANAGEMENT,"Mumbai, Maharashtra, India",2026-07-19,https://in.linkedin.com/jobs/view/python-developer-at-business-process-management-4442512139?position=43&pageNum=0&refId=kF3ZNbfth6IrSPQDSZbpTQ%3D%3D&trackingId=xP%2B0ysbBTpRkoRHuE1FcUw%3D%3D,https://www.linkedin.com/company/business-process-management-by-datagain?trk=public_jobs_jserp-result_job-search-card-subtitle
Python Developer,Global,"London, England, United Kingdom",2026-07-02,https://uk.linkedin.com/jobs/view/python-developer-at-global-4431843061?position=42&pageNum=0&refId=kF3ZNbfth6IrSPQDSZbpTQ%3D%3D&trackingId=46TelYqJq828NLRrE%2FeyKw%3D%3D,https://uk.linkedin.com/company/global-media-entertainment-outdoor?trk=public_jobs_jserp-result_job-search-card-subtitle
Python Developer,Tata Consultancy Services,"Ipswich, England, United Kingdom",2026-07-13,https://uk.linkedin.com/jobs/view/python-developer-at-tata-consultancy-services-4439416761?position=40&pageNum=0&refId=kF3ZNbfth6IrSPQDSZbpTQ%3D%3D&trackingId=cJEZSYLyXxJfLx8kNt7p%2Bg%3D%3D,https://in.linkedin.com/company/tata-consultancy-services?trk=public_jobs_jserp-result_job-search-card-subtitle
Custom Software Engineer,Accenture in India,Mumbai Metropolitan Region,2026-07-17,https://in.linkedin.com/jobs/view/custom-software-engineer-at-accenture-in-india-4433367548?position=41&pageNum=0&refId=kF3ZNbfth6IrSPQDSZbpTQ%3D%3D&trackingId=JQbUKN%2FM71zk3HgJiWc4LA%3D%3D,https://in.linkedin.com/company/accentureindia?trk=public_jobs_jserp-result_job-search-card-subtitle
Python Developer,Scalable Solutions,"Time, Rogaland, Norway",2026-06-26,https://no.linkedin.com/jobs/view/python-developer-at-scalable-solutions-4433812438?position=39&pageNum=0&refId=kF3ZNbfth6IrSPQDSZbpTQ%3D%3D&trackingId=z4CI5WLFoPuYyxoCnCUqpA%3D%3D,https://hk.linkedin.com/company/scalable-solutions-io?trk=public_jobs_jserp-result_job-search-card-subtitle
Specialist Programmer - AI/GenAI/Python-Q2 FY 27,Infosys,"Bengaluru East, Karnataka, India",2026-07-07,https://in.linkedin.com/jobs/view/specialist-programmer-ai-genai-python-q2-fy-27-at-infosys-4436589838?position=58&pageNum=0&refId=xhlX1h3noW%2B%2Fr5ag09qsaw%3D%3D&trackingId=e9PNpR2wa3os46AW2BV04g%3D%3D,https://in.linkedin.com/company/infosys?trk=public_jobs_jserp-result_job-search-card-subtitle
Python Engineer,Virtusa,"Andhra Pradesh, India",2026-07-09,https://in.linkedin.com/jobs/view/python-engineer-at-virtusa-4408429111?position=56&pageNum=0&refId=xhlX1h3noW%2B%2Fr5ag09qsaw%3D%3D&trackingId=bauKUNr0yi1%2F7mWGsITT8w%3D%3D,https://www.linkedin.com/company/virtusa?trk=public_jobs_jserp-result_job-search-card-subtitle
Python Developer - Remote,YO IT Consulting,"Munich, Bavaria, Germany",2026-07-14,https://de.linkedin.com/jobs/view/python-developer-remote-at-yo-it-consulting-4439480978?position=59&pageNum=0&refId=xhlX1h3noW%2B%2Fr5ag09qsaw%3D%3D&trackingId=5TGu8Y4mYUUESC7NHDBBnQ%3D%3D,https://ae.linkedin.com/company/yohritconsulting?trk=public_jobs_jserp-result_job-search-card-subtitle
Desenvolvedor(a) Python (Desenvolvimento),Omie,Brazil,2026-07-03,https://br.linkedin.com/jobs/view/desenvolvedor-a-python-desenvolvimento-at-omie-4433714533?position=57&pageNum=0&refId=xhlX1h3noW%2B%2Fr5ag09qsaw%3D%3D&trackingId=tV74uVp7QwwwoCbEYMbWDA%3D%3D,https://br.linkedin.com/company/omie?trk=public_jobs_jserp-result_job-search-card-subtitle
Python Senior Developer,Infosys,"Hyderabad, Telangana, India",2026-07-10,https://in.linkedin.com/jobs/view/python-senior-developer-at-infosys-4437930573?position=54&pageNum=0&refId=xhlX1h3noW%2B%2Fr5ag09qsaw%3D%3D&trackingId=AUQJouHfwW%2FYTKwhgDCdVQ%3D%3D,https://in.linkedin.com/company/infosys?trk=public_jobs_jserp-result_job-search-card-subtitle
Internship | Front-End Python Developer,Next Big Innovation Labs®,Greater Bengaluru Area,2026-05-07,https://in.linkedin.com/jobs/view/internship-front-end-python-developer-at-next-big-innovation-labs%C2%AE-4410405853?position=55&pageNum=0&refId=xhlX1h3noW%2B%2Fr5ag09qsaw%3D%3D&trackingId=8Fyxf9O9WYp7JAzO0zLIVA%3D%3D,https://in.linkedin.com/company/nextbiginnovationlabs?trk=public_jobs_jserp-result_job-search-card-subtitle
Python AI Engineer,CoreTek Labs,"Cleveland, OH",2026-07-14,https://www.linkedin.com/jobs/view/python-ai-engineer-at-coretek-labs-4439873082?position=51&pageNum=0&refId=xhlX1h3noW%2B%2Fr5ag09qsaw%3D%3D&trackingId=DzziLKBzYXs7qoXUR7uCWw%3D%3D,https://www.linkedin.com/company/coreteklabs?trk=public_jobs_jserp-result_job-search-card-subtitle
Python Developer,Fruition Group Ireland,"Dublin, County Dublin, Ireland",2026-07-13,https://ie.linkedin.com/jobs/view/python-developer-at-fruition-group-ireland-4439142784?position=53&pageNum=0&refId=xhlX1h3noW%2B%2Fr5ag09qsaw%3D%3D&trackingId=z87RHuAr%2BB5Vsa6s3PZtfg%3D%3D,https://ie.linkedin.com/company/fruitiongroupire?trk=public_jobs_jserp-result_job-search-card-subtitle
Python Developer,Persistent Systems,"Bengaluru, Karnataka, India",2026-07-14,https://in.linkedin.com/jobs/view/python-developer-at-persistent-systems-4437694443?position=52&pageNum=0&refId=xhlX1h3noW%2B%2Fr5ag09qsaw%3D%3D&trackingId=uIknNeFMlhbnBfEfCV90kQ%3D%3D,https://in.linkedin.com/company/persistent-systems?trk=public_jobs_jserp-result_job-search-card-subtitle
Python AI Engineer,Rose International,"Mississauga, Ontario, Canada",2026-07-13,https://ca.linkedin.com/jobs/view/python-ai-engineer-at-rose-international-4437616263?position=49&pageNum=0&refId=xhlX1h3noW%2B%2Fr5ag09qsaw%3D%3D&trackingId=LxKTCRs4tcoQsGx7Jj2MKg%3D%3D,https://www.linkedin.com/company/rose-international?trk=public_jobs_jserp-result_job-search-card-subtitle
Python Developer - Remote,YO IT Consulting,Thailand,2026-07-14,https://th.linkedin.com/jobs/view/python-developer-remote-at-yo-it-consulting-4439491743?position=45&pageNum=0&refId=xhlX1h3noW%2B%2Fr5ag09qsaw%3D%3D&trackingId=NLhRc9UmTF7dRzauhjlWgw%3D%3D,https://ae.linkedin.com/company/yohritconsulting?trk=public_jobs_jserp-result_job-search-card-subtitle
Python Backend Developer IRC297068,GlobalLogic,"Bengaluru, Karnataka, India",2026-07-13,https://in.linkedin.com/jobs/view/python-backend-developer-irc297068-at-globallogic-4430384592?position=46&pageNum=0&refId=xhlX1h3noW%2B%2Fr5ag09qsaw%3D%3D&trackingId=2AVwsDOgNDW95beA1RZXYA%3D%3D,https://www.linkedin.com/company/globallogic?trk=public_jobs_jserp-result_job-search-card-subtitle
Python Developer - Fully Remote | Upto $50/hr,Mercor,India,2026-07-14,https://in.linkedin.com/jobs/view/python-developer-fully-remote-upto-%2450-hr-at-mercor-4432090310?position=48&pageNum=0&refId=xhlX1h3noW%2B%2Fr5ag09qsaw%3D%3D&trackingId=4QL%2BYTowZ5Iox52Oum670Q%3D%3D,https://www.linkedin.com/company/mercor-ai?trk=public_jobs_jserp-result_job-search-card-subtitle
Python Developer - Fully Remote | Upto $50/hr,Mercor,"London, England, United Kingdom",2026-06-30,https://uk.linkedin.com/jobs/view/python-developer-fully-remote-upto-%2450-hr-at-mercor-4431933173?position=47&pageNum=0&refId=xhlX1h3noW%2B%2Fr5ag09qsaw%3D%3D&trackingId=8KUUjxs4d9hKj0LLP30DEg%3D%3D,https://www.linkedin.com/company/mercor-ai?trk=public_jobs_jserp-result_job-search-card-subtitle
Fullstack (React+Python) Developer,Infosys,"Bengaluru East, Karnataka, India",2026-07-17,https://in.linkedin.com/jobs/view/fullstack-react%2Bpython-developer-at-infosys-4432955395?position=50&pageNum=0&refId=xhlX1h3noW%2B%2Fr5ag09qsaw%3D%3D&trackingId=nR%2BXicbnG%2BSNJygu2ZFxnw%3D%3D,https://in.linkedin.com/company/infosys?trk=public_jobs_jserp-result_job-search-card-subtitle
Python Developer,Tower Research Capital,"Gurgaon, Haryana, India",2026-07-03,https://in.linkedin.com/jobs/view/python-developer-at-tower-research-capital-4387271287?position=44&pageNum=0&refId=xhlX1h3noW%2B%2Fr5ag09qsaw%3D%3D&trackingId=gZxtzk%2FzT1bigKBKWVbPqA%3D%3D,https://www.linkedin.com/company/tower-research-capital?trk=public_jobs_jserp-result_job-search-card-subtitle
Desarrollador de Python,Aubay Spain,"Madrid, Community of Madrid, Spain",2026-07-13,https://es.linkedin.com/jobs/view/desarrollador-de-python-at-aubay-spain-4437259625?position=42&pageNum=0&refId=xhlX1h3noW%2B%2Fr5ag09qsaw%3D%3D&trackingId=DPbcOuhIfbCMyV5%2Bk0axIA%3D%3D,https://es.linkedin.com/company/aubay-spain?trk=public_jobs_jserp-result_job-search-card-subtitle
Python Gen AI Developer,Infosys,"Chennai, Tamil Nadu, India",2026-07-07,https://in.linkedin.com/jobs/view/python-gen-ai-developer-at-infosys-4436591880?position=41&pageNum=0&refId=xhlX1h3noW%2B%2Fr5ag09qsaw%3D%3D&trackingId=UkF6NRdEdIdFo9S7htqI4A%3D%3D,https://in.linkedin.com/company/infosys?trk=public_jobs_jserp-result_job-search-card-subtitle
Python AWS Developer,Infosys,"Bengaluru East, Karnataka, India",2026-07-10,https://in.linkedin.com/jobs/view/python-aws-developer-at-infosys-4438353286?position=38&pageNum=0&refId=xhlX1h3noW%2B%2Fr5ag09qsaw%3D%3D&trackingId=mGv9FmmM1llhiLse03OfTg%3D%3D,https://in.linkedin.com/company/infosys?trk=public_jobs_jserp-result_job-search-card-subtitle
Python Developer,Persistent Systems,"Bengaluru, Karnataka, India",2026-07-14,https://in.linkedin.com/jobs/view/python-developer-at-persistent-systems-4437672549?position=39&pageNum=0&refId=xhlX1h3noW%2B%2Fr5ag09qsaw%3D%3D&trackingId=EIH0wLea0T%2BsSA%2FUFUMtmg%3D%3D,https://in.linkedin.com/company/persistent-systems?trk=public_jobs_jserp-result_job-search-card-subtitle
